path,input_t50,output_t50,delay_s
D -> Q1B,1.01394048225e-09,1e-11,-1.00394048225e-09
