signal,avg_current_A,peak_current_A,avg_power_W,peak_power_W,energy_J,charge_C
I(VDD),2.3568423635037988e-05,7.14754610334203e-05,2.5925265998541793e-05,7.862300713676234e-05,1.4408193207875563e-14,1.309835746170506e-14
