curve,peak_metric,peak_x,curve_area
Quatro_SNM_test,7.96916626769861e-07,1.088099557867534,5.004771179952124e-09
